label,xchannel,ychannel,zchannel,wsurf
%f,%f,%f,%f,%f
1000,1009.522,922.396,98.915,100
1001,1009.744,922.62,98.74,100
1002,1009.495,922.895,98.736,100
1003,1009.242,923.059,98.835,100
1004,1009.415,923.307,98.91,100
1005,1009.624,923.14,98.794,100
1006,1009.999,922.988,98.846,100
1007,1010.089,923.116,98.714,100
1008,1009.892,923.401,98.78,100
1009,1009.695,923.622,98.912,100
1010,1009.95,923.82,98.854,100
1011,1010.231,923.565,98.82,100
1012,1010.347,923.342,98.813,100
1013,1010.742,923.544,98.849,100
1014,1010.422,923.809,98.818,100
1015,1010.004,924.112,98.932,100
1016,1010.328,924.429,98.859,100
1017,1010.636,924.051,98.86,100
1018,1010.855,923.673,98.898,100
1019,1009.096,922.515,98.842,100
1020,1008.818,922.782,98.657,100
1021,1008.455,922.586,98.572,100
1022,1008.722,922.193,98.779,100
1023,1008.983,921.839,98.829,100
1024,1008.692,921.593,98.711,100
1025,1008.523,921.776,98.864,100
1026,1008.427,922.208,98.644,100
1027,1008.088,921.909,98.606,100
1028,1008.245,921.586,98.654,100
1029,1008.403,921.159,98.617,100
1030,1008.069,921.024,98.614,100
1031,1007.929,921.356,98.6,100
1032,1007.718,921.818,98.56,100
1033,1007.476,921.599,98.576,100
1034,1007.701,921.191,98.581,100
1035,1008.031,920.702,98.621,100
1036,1007.77,920.535,98.851,100
1037,1007.414,921.149,98.53,100
1038,1007.256,921.679,98.537,100
1039,1007.12,922.081,98.605,100
1040,1006.909,922.41,98.486,100
1041,1006.899,922.332,98.474,100
1042,1006.642,922.57,98.542,100
1043,1006.527,922.855,98.569,100
1044,1006.837,923.014,98.595,100
1045,1007.083,922.759,98.562,100
1046,1007.256,922.529,98.622,100
1047,1007.659,922.484,98.637,100
1048,1007.398,922.925,98.666,100
1049,1007.094,923.214,98.648,100
1050,1007.359,923.531,98.597,100
1051,1007.579,923.328,98.539,100
1052,1007.944,922.845,98.633,100
1053,1007.985,922.362,98.689,100
1054,1008.256,922.536,98.574,100
1055,1008.458,922.775,98.574,100
1056,1008.069,923.154,98.49,100
1057,1007.752,923.482,98.501,100
1058,1008.034,923.801,98.493,100
1059,1008.239,923.588,98.611,100
1060,1008.517,923.185,98.602,100
1061,1008.78,923.394,98.659,100
1062,1008.543,923.687,98.602,100
1063,1008.262,924.013,98.56,100
1064,1008.545,924.159,98.696,100
1065,1008.706,923.916,98.645,100
1066,1008.925,923.67,98.734,100
1067,1009.252,923.924,98.757,100
1068,1008.991,924.194,98.915,100
1069,1008.714,924.532,98.715,100
1070,1008.966,924.724,98.681,100
1071,1009.22,924.475,98.75,100
1072,1009.671,924.083,98.787,100
1073,1009.882,924.387,98.843,100
1074,1009.71,924.653,98.855,100
1075,1009.41,924.903,98.739,100
1076,1009.535,925.114,99.075,100
1077,1010.006,924.875,99.146,100
1078,1010.279,924.699,98.953,100
1079,1009.557,925.551,98.858,100
1080,1009.271,926.036,98.94,100
1081,1009.109,926.353,98.946,100
1082,1008.761,926.054,98.809,100
1083,1009.042,925.739,98.757,100
1084,1009.298,925.281,98.758,100
1085,1008.965,925.045,98.667,100
1086,1008.707,925.467,98.645,100
1087,1008.475,925.921,98.671,100
1088,1008.064,925.751,98.636,100
1089,1008.296,925.369,98.643,100
1090,1008.662,925.017,98.661,100
1091,1008.368,924.681,98.682,100
1092,1008.048,924.95,98.637,100
1093,1007.755,925.466,98.571,100
1094,1007.43,925.253,98.528,100
1095,1007.566,924.915,98.571,100
1096,1007.965,924.411,98.595,100
1097,1007.58,924.145,98.485,100
1098,1007.367,924.521,98.55,100
1099,1007.084,924.975,98.435,100
1100,1006.678,924.782,98.508,100
1101,1007.062,924.227,98.583,100
1102,1007.328,923.785,98.491,100
1103,1007.08,923.634,98.616,100
1104,1006.887,923.919,98.84,100
1105,1006.746,924.151,98.626,100
1106,1006.616,924.464,98.83,100
1107,1006.278,924.415,98.71,100
1108,1006.523,923.819,98.86,100
1109,1006.818,923.429,98.911,100
1110,1006.484,923.224,98.59,100
1111,1006.328,923.664,98.787,100
1112,1006.189,924.145,98.88,100
1113,1005.907,924.052,98.795,100
1114,1006.089,923.561,98.695,100
1115,1006.278,923.064,98.555,100
1116,1006.046,924.151,98.794,100
1117,1005.768,924.408,98.702,100
1118,1005.511,924.895,98.669,100
1119,1005.426,925.314,98.671,100
1120,1005.299,925.707,98.668,100
1121,1005.478,925.87,98.675,100
1122,1005.766,925.411,98.725,100
1123,1005.979,924.968,98.683,100
1124,1006.287,924.78,98.703,100
1125,1006.416,925.015,98.578,100
1126,1006.225,925.263,98.998,100
1127,1006.033,925.507,98.968,100
1128,1005.795,925.932,98.666,100
1129,1005.66,926.119,98.677,100
1130,1005.863,926.328,98.616,100
1131,1006.097,925.997,98.614,100
1132,1006.122,925.865,98.802,100
1133,1006.277,925.73,98.787,100
1134,1006.495,925.353,98.81,100
1135,1006.82,925.221,98.443,100
1136,1006.687,925.759,98.797,100
1137,1006.474,926.129,98.585,100
1138,1006.223,926.477,98.647,100
1139,1006.514,926.636,99.108,100
1140,1006.714,926.461,98.624,100
1141,1006.79,926.146,98.58,100
1142,1007.032,925.875,98.592,100
1143,1007.297,925.64,98.741,100
1144,1007.468,925.851,98.613,100
1145,1007.342,926.204,98.722,100
1146,1007.04,926.471,98.584,100
1147,1006.841,926.849,98.609,100
1148,1007.09,927.11,98.574,100
1149,1007.31,926.799,98.483,100
1150,1007.559,926.357,98.547,100
1151,1007.815,926.019,98.535,100
1152,1008.137,926.202,98.619,100
1153,1007.949,926.611,98.556,100
1154,1007.641,926.929,98.535,100
1155,1007.387,927.291,98.529,100
1156,1007.768,927.429,98.667,100
1157,1007.912,926.997,98.605,100
1158,1008.133,926.639,98.672,100
1159,1008.304,926.31,98.914,100
1160,1008.613,926.695,98.883,100
1161,1008.24,927.09,99.158,100
1162,1008.079,927.47,99.178,100
1163,1007.967,927.837,99.206,100
1164,1008.354,927.978,99.173,100
1165,1008.648,927.646,99.222,100
1166,1008.82,927.292,99.149,100
1167,1008.951,927.059,99.08,100
1168,1008.296,928.229,99.182,100
1169,1007.975,928.744,99.313,100
1170,1007.685,929.192,99.339,100
1171,1007.48,929.654,99.106,100
1172,1007.047,929.415,98.984,100
1173,1007.027,929.245,98.871,100
1174,1007.42,929.084,99.09,100
1175,1007.668,928.729,99.192,100
1176,1007.975,928.315,99.11,100
1177,1007.764,927.878,99.14,100
1178,1007.53,928.104,98.751,100
1179,1007.44,928.506,98.937,100
1180,1007.207,928.698,98.836,100
1181,1006.985,928.371,98.859,100
1182,1007.113,928.038,98.715,100
1183,1007.369,927.628,98.669,100
1184,1007.673,927.578,98.651,100
1185,1007.272,927.402,98.554,100
1186,1006.925,927.263,98.556,100
1187,1006.74,927.243,98.778,100
1188,1006.654,927.519,98.827,100
1189,1006.502,928.014,98.75,100
1190,1006.282,928.36,98.749,100
1191,1006.099,928.911,98.808,100
1192,1005.717,928.659,98.78,100
1193,1005.805,928.254,98.713,100
1194,1005.978,927.889,98.695,100
1195,1006.257,927.525,98.753,100
1196,1006.532,927.045,98.712,100
1197,1006.425,927.018,98.964,100
1198,1006.083,927.246,98.691,100
1199,1006.109,926.827,98.665,100
1200,1005.842,927.074,98.665,100
1201,1005.676,927.486,98.724,100
1202,1005.872,927.855,98.705,100
1203,1005.713,928.172,98.753,100
1204,1005.43,928.026,98.757,100
1205,1005.153,928.301,98.762,100
1206,1005.577,928.518,98.722,100
1207,1005.346,928.874,98.72,100
1208,1004.964,928.653,98.872,100
1209,1004.812,928.551,99.097,100
1210,1004.862,928.287,99.075,100
1211,1004.475,928.387,99.073,100
1212,1004.667,928.14,99.052,100
1213,1004.863,928.046,98.782,100
1214,1005.035,927.81,98.764,100
1215,1005.342,927.465,98.746,100
1216,1005.449,927.057,98.708,100
1217,1005.67,926.581,98.623,100
1218,1005.344,926.352,98.687,100
1219,1005.152,926.799,98.783,100
1220,1004.937,927.17,98.723,100
1221,1004.808,927.514,98.773,100
1222,1004.573,927.798,98.766,100
1223,1004.498,927.912,98.906,100
1224,1004.245,928.459,99.027,100
1225,1004.175,928.279,98.868,100
1226,1003.984,927.986,99.071,100
1227,1004.292,927.953,98.915,100
1228,1004.266,927.667,99.104,100
1229,1004.457,927.61,98.802,100
1230,1004.649,927.082,98.774,100
1231,1004.824,926.851,98.811,100
1232,1004.98,926.472,98.716,100
1233,1004.844,926.186,98.662,100
1234,1004.599,926.666,98.67,100
1235,1004.414,926.899,98.765,100
1236,1003.913,926.688,98.773,100
1237,1003.714,927.159,98.834,100
1238,1003.423,926.919,98.878,100
1239,1003.471,926.371,98.78,100
1240,1003.978,925.834,98.701,100
1241,1003.437,927.718,98.952,100
1242,1003.06,927.488,98.866,100
1243,1002.622,927.359,98.779,100
1244,1002.427,927.678,98.754,100
1245,1003.012,928.055,98.9,100
1246,1003.445,927.608,99.072,100
1247,1003.587,927.523,98.915,100
1248,1003.44,928.156,98.913,100
1249,1002.505,928.109,98.803,100
1250,1002.342,928.458,98.94,100
1251,1002.235,928.683,98.869,100
1252,1001.991,928.504,98.887,100
1253,1002.19,928.007,98.736,100
1254,1002.836,928.81,98.905,100
1255,1003.111,928.562,98.959,100
1256,1003.207,928.499,99.078,100
1257,1003.554,928.572,99.092,100
1258,1003.473,928.355,98.984,100
1259,1003.293,928.902,98.959,100
1260,1003.483,929.241,98.898,100
1261,1003.724,928.958,98.914,100
1262,1004.077,928.744,99.008,100
1263,1004.391,928.823,99.093,100
1264,1004.284,929.064,98.909,100
1265,1004.005,929.459,98.935,100
1266,1004.277,929.634,99.003,100
1267,1004.46,929.71,98.829,100
1268,1004.579,929.282,99.006,100
1269,1004.881,929.01,99.106,100
1270,1004.969,928.902,98.844,100
1271,1005.309,928.943,98.836,100
1272,1005.118,929.343,98.984,100
1273,1004.876,929.643,98.76,100
1274,1004.722,929.884,98.863,100
1275,1005.071,930.067,98.825,100
1276,1005.177,929.75,98.77,100
1277,1005.346,929.555,98.871,100
1278,1005.631,929.171,98.761,100
1279,1006.002,929.393,98.78,100
1280,1005.808,929.82,98.942,100
1281,1005.643,930.045,98.889,100
1282,1005.534,930.276,98.841,100
1283,1005.922,930.393,98.892,100
1284,1006.059,930.052,98.847,100
1285,1006.182,929.664,98.811,100
1286,1006.675,929.506,98.745,100
1287,1006.641,929.73,98.981,100
1288,1006.484,930.114,98.871,100
1289,1006.319,930.407,98.901,100
1290,1006.143,930.58,99.022,100
1291,1006.581,930.785,99.016,100
1292,1006.77,930.383,99.045,100
1293,1006.896,929.996,99.016,100
1294,1007.112,929.598,99.059,100
1295,1007.488,929.939,99.122,100
1296,1007.272,930.346,99.072,100
1297,1006.976,930.74,99.144,100
1298,1006.994,930.963,99.085,100
1299,1006.972,928.923,99.387,100
1300,1006.88,928.108,99.345,100
1301,1006.955,928.742,99.75,100
1302,1006.79,929.163,99.907,100
1303,1006.17,929.495,99.549,100
1304,1006.687,931.284,99.036,100
1305,1006.447,931.604,99.086,100
1306,1006.351,931.823,99.334,100
1307,1006.234,932.02,99.093,100
1308,1006.051,932.445,99.09,100
1309,1005.664,932.299,99.05,100
1310,1005.872,931.888,98.957,100
1311,1006.087,931.545,98.971,100
1312,1006.38,931.164,98.993,100
1313,1006.102,931.028,98.901,100
1314,1005.956,931.249,99.068,100
1315,1005.789,931.458,98.796,100
1316,1005.61,931.937,98.91,100
1317,1005.344,931.947,98.621,100
1318,1005.369,931.933,98.599,100
1319,1005.425,931.44,98.692,100
1320,1005.694,930.946,99.004,100
1321,1005.777,930.833,98.888,100
1322,1005.362,930.675,98.821,100
1323,1005.303,931.072,98.746,100
1324,1005.118,931.476,98.574,100
1325,1004.931,931.602,98.815,100
1326,1005.076,931.729,98.819,100
1327,1004.972,931.958,98.761,100
1328,1004.659,931.824,98.469,100
1329,1004.849,931.374,98.56,100
1330,1005.166,930.933,98.747,100
1331,1005.312,930.513,98.796,100
1332,1004.944,930.392,98.885,100
1333,1004.73,930.736,98.676,100
1334,1004.613,931.107,98.603,100
1335,1004.467,931.566,98.511,100
1336,1004.241,931.42,98.526,100
1337,1004.329,931.228,98.725,100
1338,1004.521,930.854,98.761,100
1339,1004.531,930.437,98.792,100
1340,1004.657,930.199,98.899,100
1341,1004.295,930.133,99.03,100
1342,1004.248,930.59,99.026,100
1343,1004.134,930.764,98.684,100
1344,1003.966,931.065,98.61,100
1345,1003.802,931.408,98.548,100
1346,1003.655,931.298,98.977,100
1347,1003.488,931.264,98.899,100
1348,1003.583,931.077,98.862,100
1349,1003.659,930.897,98.737,100
1350,1003.789,930.661,98.946,100
1351,1003.907,930.197,99.005,100
1352,1004.017,929.951,99.017,100
1353,1003.695,929.824,98.874,100
1354,1003.556,930.097,98.895,100
1355,1003.562,930.205,99.123,100
1356,1003.459,930.483,98.979,100
1357,1003.293,930.788,98.813,100
1358,1003.037,931.214,98.844,100
1359,1002.851,931.071,98.911,100
1360,1003.017,930.712,98.906,100
1361,1003.12,930.324,98.87,100
1362,1003.315,929.975,98.957,100
1363,1003.383,929.584,98.869,100
1364,1002.984,929.481,98.943,100
1365,1002.748,929.928,98.899,100
1366,1002.6,930.192,99.148,100
1367,1002.504,930.822,98.963,100
1368,1002.141,930.604,99.007,100
1369,1002.325,930.278,99.082,100
1370,1002.445,929.844,98.961,100
1371,1002.704,929.394,98.901,100
1372,1002.31,929.17,99.044,100
1373,1002.141,929.339,98.911,100
1374,1001.963,929.727,98.943,100
1375,1001.844,929.841,99.099,100
1376,1001.71,930.221,98.943,100
1377,1001.407,930.016,98.957,100
1378,1001.609,929.543,98.93,100
1379,1001.822,929.23,98.973,100
1380,1001.849,929.003,98.909,100
1381,1001.132,930.441,98.939,100
1382,1001.035,930.813,98.971,100
1383,1000.739,931.504,98.95,100
1384,1000.697,931.704,99.015,100
1385,1000.985,931.751,98.922,100
1386,1001.209,931.373,98.936,100
1387,1001.382,930.881,98.919,100
1388,1001.299,930.517,98.89,100
1389,1001.782,930.918,98.901,100
1390,1001.593,931.303,98.947,100
1391,1001.305,931.766,98.9,100
1392,1001.431,931.91,99.034,100
1393,1001.622,931.695,99.043,100
1394,1001.768,931.425,98.968,100
1395,1002.045,930.957,98.958,100
1396,1002.408,931.234,98.964,100
1397,1002.258,931.55,98.982,100
1398,1002.034,931.776,99.081,100
1399,1001.829,932.112,99.102,100
1400,1002.037,932.312,99.138,100
1401,1002.296,931.995,99.091,100
1402,1002.375,931.774,98.95,100
1403,1002.546,931.357,98.928,100
1404,1002.863,931.391,98.837,100
1405,1002.7,931.817,98.834,100
1406,1002.531,932.18,98.815,100
1407,1002.366,932.487,98.833,100
1408,1002.732,932.594,98.663,100
1409,1003.083,932.223,98.718,100
1410,1003.277,931.75,98.703,100
1411,1003.331,931.53,98.872,100
1412,1003.48,931.638,98.892,100
1413,1003.457,931.734,98.64,100
1414,1003.412,931.995,98.614,100
1415,1003.196,932.392,98.61,100
1416,1002.996,932.637,98.557,100
1417,1003.318,932.727,98.415,100
1418,1003.456,932.581,98.471,100
1419,1003.646,932.123,98.551,100
1420,1003.913,931.69,98.545,100
1421,1004.141,931.804,98.451,100
1422,1004.095,932.242,98.453,100
1423,1003.8,932.524,98.621,100
1424,1003.57,932.736,98.338,100
1425,1003.407,933.123,98.305,100
1426,1003.8,933.307,98.234,100
1427,1003.997,932.83,98.225,100
1428,1004.194,932.543,98.273,100
1429,1004.292,932.127,98.489,100
1430,1004.579,931.759,98.534,100
1431,1004.902,932,98.461,100
1432,1004.661,932.374,98.349,100
1433,1004.383,932.656,98.305,100
1434,1004.086,933.182,98.247,100
1435,1004.512,933.308,98.312,100
1436,1004.632,932.963,98.382,100
1437,1004.777,932.522,98.445,100
1438,1005.062,932.086,98.514,100
1439,1005.336,932.381,99.003,100
1440,1005.098,932.658,99.026,100
1441,1004.996,933.049,99.008,100
1442,1004.896,933.254,98.641,100
1443,1004.603,933.688,98.412,100
1444,1004.8,933.879,98.587,100
1445,1004.99,933.528,98.851,100
1446,1005.24,933.201,99.025,100
1447,1005.361,932.852,99.068,100
1448,1005.528,932.563,99.11,100
1449,1005.741,932.168,99.075,100
1450,1006.067,932.402,99.186,100
1451,1005.778,932.92,99.117,100
1452,1005.521,933.194,99.115,100
1453,1005.283,933.589,98.976,100
1454,1005.371,933.825,98.928,100
1455,1005.456,934.39,98.977,100
1456,1005.334,934.769,98.978,100
1457,1005.15,935.216,98.959,100
1458,1004.733,934.044,98.404,100
1459,1004.457,934.415,98.377,100
1460,1004.301,934.978,98.297,100
1461,1004.644,935.107,98.582,100
1462,1003.934,934.761,98.196,100
1463,1004.027,934.243,98.259,100
1464,1004.221,933.838,98.233,100
1465,1003.882,933.569,98.228,100
1466,1003.698,934.08,98.146,100
1467,1003.593,934.569,98.179,100
1468,1003.19,934.475,98.48,100
1469,1003.025,934.446,98.325,100
1470,1003.282,933.949,98.254,100
1471,1003.55,933.531,98.206,100
1472,1003.213,933.424,98.341,100
1473,1003.147,933.706,98.501,100
1474,1002.975,934.128,98.28,100
1475,1002.706,934.302,98.322,100
1476,1002.941,933.693,98.639,100
1477,1003.075,933.317,98.408,100
1478,1002.871,933.068,98.498,100
1479,1002.704,933.511,98.59,100
1480,1002.376,934.032,98.431,100
1481,1002.012,933.868,98.523,100
1482,1002.278,933.288,98.645,100
1483,1002.473,933.018,98.669,100
1484,1002.169,932.809,98.766,100
1485,1001.973,933.312,98.686,100
1486,1001.617,933.754,98.582,100
1487,1001.31,933.46,98.695,100
1488,1001.471,933.093,98.758,100
1489,1001.755,932.583,98.795,100
1490,1001.391,932.422,98.778,100
1491,1001.237,932.775,98.764,100
1492,1001.037,933.296,98.746,100
1493,1000.671,933.168,98.779,100
1494,1000.939,932.679,98.719,100
1495,1001.124,932.335,98.778,100
1496,1000.654,932.262,98.764,100
1497,1000.539,932.547,98.842,100
1498,1000.293,933.027,98.721,100
1499,1000.341,933.444,98.758,100
1500,1000.144,933.818,98.634,100
1501,999.896,934.135,98.536,100
1502,1000.19,934.37,98.68,100
1503,1000.48,933.787,98.531,100
1504,1000.622,933.549,98.709,100
1505,1000.604,933.579,98.87,100
1506,1000.744,933.62,98.821,100
1507,1000.666,933.883,98.466,100
1508,1000.561,934.219,98.359,100
1509,1000.722,934.306,98.4,100
1510,1000.957,934.027,98.464,100
1511,1001.078,933.73,98.587,100
1512,1001.341,933.895,98.632,100
1513,1001.229,934.114,98.435,100
1514,1000.933,934.373,98.415,100
1515,1000.828,934.545,98.232,100
1516,1001.361,934.699,98.15,100
1517,1001.536,934.368,98.453,100
1518,1001.794,934.004,98.446,100
1519,1002.052,934.149,98.392,100
1520,1001.793,934.612,98.308,100
1521,1001.596,934.847,98.1,100
1522,1002.03,934.967,98.015,100
1523,1002.166,934.587,98.201,100
1524,1002.313,934.32,98.376,100
1525,1002.708,934.469,98.287,100
1526,1002.423,934.755,98.108,100
1527,1002.391,934.728,98.101,100
1528,1002.133,935,97.986,100
1529,1001.953,935.314,97.88,100
1530,1002.275,935.299,98.088,100
1531,1002.445,935.346,97.962,100
1532,1002.603,935.059,98.048,100
1533,1002.801,934.732,98.171,100
1534,1002.935,934.59,98.198,100
1535,1002.858,934.834,98.11,100
1536,1002.676,935.202,98.026,100
1537,1002.41,935.496,97.938,100
1538,1002.663,935.639,98.015,100
1539,1002.807,935.415,98.052,100
1540,1003.02,935.161,98.241,100
1541,1003.175,934.913,98.175,100
1542,1003.213,934.746,98.405,100
1543,1003.466,934.865,98.187,100
1544,1003.271,935.21,98.165,100
1545,1002.988,935.593,98.077,100
1546,1002.84,935.71,98.117,100
1547,1003.097,935.951,98.236,100
1548,1003.519,935.523,98.227,100
1549,1003.65,934.99,98.237,100
1550,1003.85,934.984,98.244,100
1551,1004.173,935.188,98.358,100
1552,1004.042,935.45,98.349,100
1553,1004.04,935.729,98.427,100
1554,1003.716,935.655,98.33,100
2166,996.078,942.934,98.957,100
2167,995.817,943.302,98.895,100
2168,996.243,943.562,98.875,100
2169,996.441,943.213,98.859,100
2170,996.704,942.629,98.86,100
2171,997.064,942.838,98.996,100
2172,996.917,943.306,98.989,100
2173,996.716,943.723,99.015,100
2174,997.111,943.949,99.071,100
2175,997.422,943.464,99.113,100
2176,997.577,942.953,99.04,100
2177,997.917,943.192,99.103,100
2178,997.796,943.531,99.171,100
2179,997.404,943.998,99.189,100
2180,997.802,944.179,99.11,100
2181,998.068,943.832,99.175,100
2182,998.284,943.273,99.09,100
2183,998.635,943.341,99.091,100
2184,998.48,943.722,99.106,100
2185,998.266,944.186,99.081,100
2186,998.611,944.32,99.151,100
2187,998.725,944.049,99.32,100
2188,998.941,943.501,99.156,100
2189,998.907,943.88,99.173,100
2190,999.323,943.589,99.26,100
2191,999.044,944.084,99.297,100
2192,998.892,944.52,99.287,100
2193,998.772,944.814,99.261,100
2194,998.685,945.189,99.218,100
2195,998.64,945.739,99.27,100
2196,998.681,946.164,99.325,100
2197,998.383,946.076,99.291,100
2198,998.513,945.653,99.275,100
2199,998.602,945.207,99.206,100
2200,998.517,944.599,99.164,100
2201,998.02,944.702,99.185,100
2202,997.845,945.171,99.204,100
2203,997.794,945.481,99.135,100
2204,997.6,945.965,99.149,100
2205,997.16,945.791,99.154,100
2206,997.224,945.386,99.276,100
2207,997.3,945.191,99.145,100
2208,997.572,944.674,99.115,100
2209,997.348,944.51,99.189,100
2210,997.217,944.816,99.196,100
2211,997.014,945.129,99.175,100
2212,996.912,945.636,99.081,100
2213,996.524,945.45,99.093,100
2214,996.574,945.026,99.101,100
2215,996.717,944.7,99.06,100
2216,996.932,944.251,99.098,100
2217,996.585,944.088,98.981,100
2218,996.409,944.406,99.043,100
2219,996.44,944.619,99.181,100
2220,996.199,945.092,99.056,100
2221,996.121,945.424,99.029,100
2222,995.83,945.475,99.013,100
2223,995.947,945.328,99.046,100
2224,996.036,944.915,99.057,100
2225,996.086,944.552,98.91,100
2226,996.023,944.28,98.891,100
2227,995.88,943.992,98.911,100
1555,1003.226,935.994,98.273,100
1556,1003.501,935.667,98.288,100
1557,1003.633,936.171,98.35,100
1558,1003.979,936.262,98.549,100
1559,1003.767,936.611,98.581,100
1560,1003.496,937.045,98.637,100
1561,1003.359,937.246,98.631,100
1562,1003.102,937.252,98.46,100
1563,1003.369,936.839,98.395,100
1564,1002.995,936.27,98.239,100
1565,1002.702,936.612,98.267,100
1566,1002.462,936.954,98.298,100
1567,1002.156,936.752,98.244,100
1568,1002.364,936.307,98.183,100
1569,1002.645,935.932,98.095,100
1570,1002.134,935.73,97.958,100
1571,1001.949,936.257,97.992,100
1572,1001.957,936.588,98.4,100
1573,1001.832,936.827,98.213,100
1574,1001.555,936.488,98.105,100
1575,1001.7,936.028,97.868,100
1576,1002.11,935.511,97.857,100
1577,1001.764,935.303,97.835,100
1578,1001.541,935.687,97.822,100
1579,1001.246,936.202,97.894,100
1580,1000.969,935.895,97.888,100
1581,1001.188,935.554,97.863,100
1582,1001.43,935.13,97.926,100
1583,1001.066,934.951,97.95,100
1584,1000.735,935.416,97.838,100
1585,1000.876,935.688,97.951,100
1586,1000.63,935.77,98.247,100
1587,1000.493,935.594,98.322,100
1588,1000.496,935.469,97.879,100
1589,1000.654,935.2,98.165,100
1590,1000.903,934.77,97.969,100
1591,1000.801,934.617,98.071,100
1592,1000.6,934.899,98.23,100
1593,1000.391,935.227,98.093,100
1594,1000.21,935.641,97.984,100
1595,1000.011,935.466,97.997,100
1596,1000.271,934.932,98.069,100
1597,1000.395,934.543,98.188,100
1598,1000.59,934.155,98.443,100
1599,1000.269,934.017,98.449,100
1600,1000.157,934.218,98.727,100
1601,1000.126,934.47,98.276,100
1602,999.89,934.985,98.238,100
1603,999.69,935.119,98.273,100
1604,999.635,935.443,98.483,100
1605,999.894,935.772,98.147,100
1606,999.82,935.877,98.096,100
1607,999.436,935.886,98.363,100
1608,999.351,936.143,98.458,100
1609,999.207,936.483,98.343,100
1610,999.122,936.819,98.491,100
1611,998.893,936.633,98.54,100
1612,999.119,936.181,98.443,100
1613,998.578,936.557,98.571,100
1614,998.554,937.052,98.733,100
1615,998.745,937.17,98.58,100
1616,999.15,936.941,98.423,100
1617,998.899,937.433,98.471,100
1618,998.481,937.368,99.139,100
1619,998.149,937.213,99.07,100
1620,999.006,937.731,98.464,100
1621,999.344,937.101,98.349,100
1622,999.403,936.844,98.543,100
1623,999.722,936.414,98.152,100
1624,1000.134,936.706,98.14,100
1625,999.783,937.031,98.239,100
1626,999.506,937.19,98.294,100
1627,999.247,937.604,98.367,100
1628,999.67,937.928,98.455,100
1629,999.861,937.43,98.299,100
1630,1000.092,936.918,98.15,100
1631,1000.388,936.464,98.125,100
1632,1000.755,936.852,98.143,100
1633,1000.553,937.273,98.181,100
1634,1000.295,937.646,98.172,100
1635,1000.038,938.09,98.328,100
1636,1000.4,938.221,98.358,100
1637,1000.651,937.842,98.211,100
1638,1000.823,937.51,98.148,100
1639,1001.016,937.092,98.134,100
1640,1001.198,936.689,98.079,100
1641,1001.667,936.708,98.212,100
1642,1002.036,937.025,98.25,100
1643,1001.883,937.423,98.257,100
1644,1001.546,937.831,98.43,100
1645,1001.345,938.19,98.411,100
1646,1001.36,938.517,98.504,100
1647,1001.512,938.786,98.585,100
1648,1001.73,938.452,98.539,100
1649,1001.856,938.066,98.424,100
1650,1002.055,937.708,98.378,100
1651,1002.23,937.186,98.319,100
1652,1002.722,937.359,98.424,100
1653,1002.438,937.959,98.526,100
1654,1003.117,937.581,98.66,100
1655,1002.767,937.911,98.633,100
1656,1002.363,938.246,98.67,100
1657,1003.013,937.908,98.875,100
1658,1002.64,938.416,98.752,100
1659,1002.314,938.286,98.621,100
1660,1001.966,938.595,98.688,100
1661,1002.382,938.889,98.903,100
1662,1002.008,938.952,98.804,100
1663,1001.494,938.809,98.615,100
1085,1000.47,937.919,98.463,100
1086,1001.194,935.44,98.053,100
1087,1000.3,937.013,98.318,100
1088,1002.265,936.424,98.158,100
1089,1001.313,937.554,98.404,100
1090,1003.223,935.598,98.194,100
1091,1002.168,935.194,98.018,100
1092,1001.182,934.624,98.114,100
1093,1000.841,935.207,97.901,100
1094,1000.61,936.397,98.16,100
1095,1001.624,936.441,98.055,100
1096,1002.282,936.701,98.251,100
1097,1001.545,938.05,98.401,100
1098,1000.581,937.677,98.173,100
1099,999.592,937.145,98.33,100
1100,1001.283,938.643,98.566,100
1101,1000.235,938.268,98.372,100
1102,998.971,937.645,98.464,100
1103,1000.202,936.634,98.143,100
1104,1000.751,935.591,98.093,100
1105,1001.257,934.527,98.171,100
1106,1002.524,935.004,98.085,100
1107,1001.621,936.255,97.901,100
1108,1001.111,937.32,98.164,100
1109,1001.254,938.661,98.528,100
1110,1001.243,938.659,98.527,100
1111,1002.151,937.139,98.296,100
1112,1002.986,935.828,98.254,100
1113,1003.766,936.336,98.455,100
1114,1003.117,937.185,98.506,100
1115,1001.856,938.853,98.784,100
1116,1001.061,937.562,98.203,100
1117,1000.122,937.093,98.159,100
1118,1001.604,935.375,97.777,100
1119,1002.424,935.86,98.038,100
2000,1001.928,939.387,98.885,100
2001,1001.632,939.829,98.9,100
2002,1001.259,940.084,98.938,100
2003,1001.012,939.965,98.874,100
2004,1001.174,939.519,98.774,100
2005,1001.399,939.194,98.712,100
2006,1001.034,939.023,98.639,100
2007,1000.804,939.348,98.7,100
2008,1000.483,939.722,98.753,100
2009,1000.183,939.502,98.678,100
2010,1000.232,939.086,98.638,100
2011,1000.47,938.658,98.52,100
2012,1000.075,938.508,98.482,100
2013,999.892,938.82,98.51,100
2014,999.686,939.168,98.609,100
2015,999.343,939.029,98.612,100
2016,999.68,938.732,98.51,100
2017,999.769,938.344,98.431,100
2018,999.438,938.203,98.392,100
2019,999.308,938.607,98.446,100
2020,999.126,938.987,98.555,100
2021,998.868,938.696,98.466,100
2022,998.988,938.434,98.479,100
2023,999.196,938.11,98.439,100
2024,998.951,937.983,98.51,100
2025,998.809,938.282,98.44,100
2026,998.619,938.664,98.512,100
2027,998.634,938.667,98.509,100
2028,998.323,938.593,98.517,100
2029,998.457,938.237,98.67,100
2030,998.714,937.855,98.577,100
2031,998.492,937.757,98.984,100
2032,998.194,937.682,99.156,100
2033,998.278,937.884,98.726,100
2034,997.99,937.873,98.904,100
2035,997.966,938.292,98.744,100
2036,997.927,938.36,98.978,100
2037,998.03,938.558,98.524,100
2038,997.46,938.273,98.819,100
2039,996.969,938.012,98.942,100
2040,997.164,937.66,99.017,100
2041,997.667,937.775,98.959,100
2042,997.435,937.623,99.076,100
2043,996.719,938.296,98.951,100
2044,996.442,938.584,98.928,100
2045,996.246,939.052,98.955,100
2046,996.572,939.099,98.72,100
2047,996.906,938.758,98.701,100
2048,997.207,938.349,98.782,100
2049,997.493,938.55,98.735,100
2050,997.365,938.969,98.655,100
2051,997.026,939.468,98.778,100
2052,997.296,939.523,98.745,100
2053,997.407,939.702,98.62,100
2054,997.715,939.146,98.593,100
2055,997.989,938.766,98.54,100
2056,998.252,939.071,98.536,100
2057,998.055,939.432,98.652,100
2058,997.664,939.916,98.932,100
2059,998.055,939.868,98.638,100
2060,998.059,939.553,98.86,100
2061,998.213,939.591,98.594,100
2062,998.443,939.042,98.54,100
2063,998.729,939.23,98.62,100
2064,998.469,939.649,98.641,100
2065,998.122,940.045,98.614,100
2066,998.603,940.214,98.69,100
2067,998.766,939.924,98.657,100
2068,998.985,939.473,98.624,100
2069,999.46,939.704,98.689,100
2070,999.322,939.957,98.757,100
2071,998.892,940.42,98.798,100
2072,999.318,940.597,98.9,100
2073,999.612,940.288,98.855,100
2074,999.848,939.927,98.795,100
2075,1000.218,940.028,98.839,100
2076,1000.044,940.48,98.883,100
2077,999.618,940.835,98.904,100
2078,999.985,941.014,98.97,100
2079,1000.295,940.743,98.96,100
2080,1000.61,940.067,98.849,100
2081,1001.037,940.46,98.997,100
2082,1000.599,940.702,99.034,100
2083,1000.309,941.144,99.009,100
2084,1000.624,941.288,99.155,100
2085,1000.928,940.899,99.181,100
2086,1001.511,940.456,99.133,100
2087,1000.219,941.526,99.085,100
2088,999.905,941.839,99.117,100
2089,999.726,942.519,99.173,100
2090,999.575,942.718,99.152,100
2091,999.257,942.541,99.085,100
2092,999.355,942.26,99.193,100
2093,999.601,941.84,99.015,100
2094,999.822,941.419,98.962,100
2095,999.603,941.118,98.919,100
2096,999.19,941.488,98.991,100
2097,998.927,942.015,99.009,100
2098,998.802,942.422,99.095,100
2099,998.445,942.295,99.023,100
2100,998.595,941.879,98.99,100
2101,998.905,941.462,98.95,100
2102,999.149,941.021,98.932,100
2103,998.827,940.847,98.845,100
2104,998.596,941.127,98.879,100
2105,998.317,941.477,98.895,100
2106,998.122,942.003,98.963,100
2107,997.87,942.075,98.963,100
2108,998.011,941.55,98.886,100
2109,998.187,941.07,98.816,100
2110,998.452,940.587,98.764,100
2111,998.111,940.322,98.802,100
2112,997.84,940.776,98.742,100
2113,997.547,941.276,98.785,100
2114,997.298,941.831,98.955,100
2115,996.87,941.74,98.839,100
2116,996.984,941.461,98.822,100
2117,997.268,941.114,98.784,100
2118,997.544,940.731,98.728,100
2119,997.798,940.361,98.87,100
2120,997.938,940.149,98.723,100
2121,997.639,940.218,98.871,100
2122,997.513,940.071,98.851,100
2123,997.468,940.279,98.722,100
2124,997.254,940.417,98.833,100
2125,997.214,940.163,98.622,100
2126,997.087,940.422,98.58,100
2127,996.895,940.864,98.673,100
2128,996.673,941.324,98.693,100
2129,996.426,941.632,98.954,100
2130,996.097,941.466,98.636,100
2131,996.352,941.059,98.645,100
2132,996.641,940.612,98.558,100
2133,996.715,940.292,98.51,100
2134,996.849,939.923,98.841,100
2135,996.525,939.766,98.839,100
2136,996.283,940.024,98.65,100
2137,996.003,940.114,98.676,100
2138,995.967,939.47,98.924,100
2139,996.03,939.746,98.766,100
2140,995.886,940.443,98.644,100
2141,996.096,940.675,98.654,100
2142,996.081,940.929,98.589,100
2143,995.734,940.787,98.605,100
2144,996.031,941.495,98.543,100
2145,995.828,941.395,98.73,100
2146,995.282,941.287,98.874,100
2147,994.506,941.937,98.935,100
2148,994.745,942,98.804,100
2149,994.698,942.497,98.961,100
2150,994.301,942.422,98.934,100
2151,994.7,942.88,98.908,100
2152,994.355,942.922,98.882,100
2153,995.097,943.219,99.09,100
2154,995.215,942.926,98.855,100
2155,995.202,942.507,99.063,100
2156,994.888,942.427,98.872,100
2157,995.023,942.099,98.7,100
2158,995.318,942.181,98.691,100
2159,995.342,942.477,98.969,100
2160,995.303,942.774,99.051,100
2161,995.472,943.279,98.966,100
2162,995.599,943.039,98.856,100
2163,995.77,942.569,98.8,100
2164,995.786,942.305,98.828,100
2165,996.141,942.437,98.805,100
2228,995.795,944.292,98.998,100
2229,995.788,944.883,99.136,100
2230,995.757,945.106,99.034,100
2231,995.653,945.344,99.099,100
2232,995.318,945.157,99.12,100
2233,995.329,944.905,99.145,100
2234,995.446,944.68,99.091,100
2235,995.683,944.323,98.91,100
2236,995.579,943.93,98.876,100
2237,995.32,943.842,98.914,100
2238,995.289,944.223,98.934,100
2239,995.164,944.369,99.11,100
2240,995.115,944.854,99.116,100
2241,995.013,945.213,99.199,100
2242,994.789,944.968,99.048,100
2243,994.901,944.694,99.282,100
2244,995.046,944.4,99.191,100
2245,994.894,944.058,99.168,100
2246,994.943,943.961,99.045,100
2247,995.181,943.73,98.903,100
2248,994.886,943.641,99.122,100
2249,994.849,943.939,99.058,100
2250,994.795,944.052,99.233,100
2251,994.702,944.317,99.304,100
2252,994.396,944.38,99.354,100
2253,994.21,944.257,99.073,100
2254,994.547,944.539,99.318,100
2255,994.486,944.787,99.346,100
2256,994.111,944.611,99.32,100
2257,994.041,944.733,99.093,100
2258,993.852,944.66,99.415,100
2259,993.665,944.59,99.104,100
2260,994.416,943.877,99.045,100
2261,994.421,943.357,98.881,100
2262,994.065,943.168,98.961,100
2263,993.953,943.59,98.935,100
2264,994.211,943.675,98.995,100
2265,993.915,944.095,99.005,100
2266,993.57,944.034,99.028,100
2267,993.244,944.201,99.184,100
2268,993.623,944.331,99.192,100
2269,993.838,944.247,99.004,100
2270,994.023,945,99.323,100
2271,993.762,945.085,99.151,100
2272,993.436,944.824,99.305,100
2273,992.997,944.906,99.301,100
2274,993.564,944.826,99.101,100
2275,993.428,945.448,99.148,100
2276,993.107,945.324,99.326,100
2277,993.1,945.697,99.174,100
2278,993.525,945.746,99.097,100
2279,993.519,946.146,99.068,100
2280,993.245,946.111,99.264,100
2281,992.793,946.009,99.384,100
2282,992.606,946.414,99.144,100
2283,993.105,946.507,99.122,100
2284,992.989,946.867,99.087,100
2285,992.473,946.945,99.373,100
2286,992.291,947.485,99.383,100
2287,993.326,946.602,99.173,100
2288,993.525,946.16,99.098,100
2289,993.744,945.75,99.239,100
2290,993.885,945.452,99.075,100
2291,994.028,945.517,99.332,100
2292,994.334,945.341,99.096,100
2293,993.986,945.968,99.005,100
2294,993.741,946.315,99.178,100
2295,993.689,946.736,99.085,100
2296,993.962,946.77,99.106,100
2297,994.07,946.501,99.23,100
2298,994.21,946.142,99.007,100
2299,994.531,945.643,98.973,100
2300,995.044,945.709,98.97,100
2301,994.893,946.054,99.067,100
2302,994.682,946.537,99.055,100
2303,994.56,946.998,99.089,100
2304,994.253,946.913,99.291,100
2305,994.305,947.02,99.298,100
2306,994.858,947.181,99.131,100
2307,994.962,946.976,99.094,100
2308,995.179,946.495,99.1,100
2309,995.329,946.099,99.243,100
2310,995.289,945.783,98.99,100
2311,995.24,945.612,99.189,100
2312,995.657,945.655,98.987,100
2313,995.698,945.914,99.2,100
2314,995.633,946.18,99.185,100
2315,995.502,946.348,99.016,100
2316,995.299,946.772,99.079,100
2317,995.306,947.147,99.109,100
2318,995.532,947.059,99.201,100
2319,995.678,946.792,99.159,100
2320,995.802,946.47,99.063,100
2321,995.939,946.06,99.059,100
2322,996.135,945.688,99.079,100
2323,996.341,945.875,99.203,100
2324,996.335,946.043,99.076,100
2325,996.239,946.322,99.069,100
2326,996.143,946.517,99.229,100
2327,996.151,946.755,99.297,100
2328,996.093,946.815,99.152,100
2329,995.951,946.74,99.28,100
2330,995.897,946.681,99.093,100
2331,995.83,947.144,99.16,100
2332,995.975,947.363,99.165,100
2333,996.296,947.136,99.412,100
2334,996.645,946.886,99.117,100
2335,996.675,947.207,99.127,100
2336,996.537,947.463,99.345,100
2337,996.397,947.539,99.244,100
2338,996.572,947.587,99.12,100
2339,996.72,946.907,99.09,100
2340,996.705,946.639,99.1,100
2341,996.766,946.326,99.197,100
2342,996.959,945.795,99.098,100
2343,997.426,945.86,99.162,100
2344,997.294,946.264,99.237,100
2345,997.145,946.537,99.176,100
2346,997.255,946.825,99.327,100
2347,997.171,946.931,99.334,100
2348,997.055,947.06,99.172,100
2349,997.086,947.439,99.297,100
2350,996.938,947.689,99.182,100
2351,997.239,947.825,99.182,100
2352,997.412,947.537,99.215,100
2353,997.463,947.194,99.206,100
2354,997.622,946.675,99.236,100
2355,998.078,946.71,99.305,100
2356,998.389,946.841,99.302,100
2357,997.887,947.158,99.236,100
2358,998.17,947.401,99.302,100
2359,997.612,947.856,99.251,100
2360,998.011,948.116,99.346,100
2361,997.536,948.408,99.291,100
2362,997.901,948.573,99.411,100
2363,997.419,948.93,99.249,100
2364,997.706,949.051,99.347,100
2365,997.513,949.578,99.298,100
2366,997.126,949.568,99.22,100
2367,997.133,949.045,99.196,100
2368,997.131,948.684,99.196,100
2369,997.172,948.261,99.252,100
2370,996.752,948.091,99.153,100
2371,996.689,948.317,99.306,100
2372,996.421,948.755,99.206,100
2373,996.355,949.17,99.17,100
2374,995.961,949.213,99.177,100
2375,995.965,948.815,99.142,100
2376,995.987,948.456,99.116,100
2377,996.065,947.872,99.168,100
2378,995.715,947.75,99.202,100
2379,995.526,948.104,99.099,100
2380,995.401,948.579,99.124,100
2381,995.31,949.098,99.069,100
2382,994.919,949.15,99.274,100
2383,994.886,948.793,99.101,100
2384,994.98,948.365,99.064,100
2385,995.223,947.939,99.215,100
2386,995.105,947.519,99.108,100
2387,994.68,947.64,99.117,100
2388,994.635,948.058,99.054,100
2389,994.202,947.517,99.123,100
2390,994.019,948.094,99.088,100
2391,993.623,947.376,99.148,100
2392,993.531,947.562,99.122,100
2393,993.49,947.979,99.378,100
2394,993.294,948.45,99.207,100
2395,992.891,948.662,99.308,100
2396,993.015,948.174,99.418,100
2397,993.108,947.979,99.192,100
2398,993.055,947.524,99.204,100
2399,992.866,947.408,99.244,100
2400,992.724,947.646,99.34,100
2401,992.798,948.215,99.431,100
2402,992.379,948.146,99.338,100
2403,991.92,948.121,99.297,100
2404,991.867,948.594,99.331,100
2405,992.415,948.585,99.33,100
2406,992.401,949.009,99.364,100
2407,992.011,949.01,99.366,100
2408,994.524,948.646,99.099,100
2409,994.409,949.051,99.128,100
2410,993.995,949.014,99.129,100
2411,993.461,948.905,99.098,100
2412,993.531,948.718,99.339,100
2413,993.323,949.106,99.344,100
2414,992.945,949.208,99.318,100
2415,992.153,949.299,99.234,100
2416,991.766,949.286,99.361,100
2417,992.235,949.806,99.268,100
2418,991.773,949.774,99.339,100
2419,991.777,950.158,99.302,100
2420,992.084,950.055,99.36,100
2421,992.242,950.567,99.238,100
2422,991.713,950.738,99.344,100
2423,991.55,951.16,99.337,100
2424,992.017,951.163,99.314,100
2425,992.433,951.205,99.333,100
2426,992.459,950.8,99.297,100
2427,992.552,950.37,99.333,100
2428,992.766,950.02,99.207,100
2429,992.392,949.687,99.243,100
2430,992.566,949.372,99.233,100
2431,993.085,949.501,99.159,100
2432,993.086,949.365,99.322,100
2433,993.41,949.525,99.135,100
2434,993.324,949.851,99.198,100
2435,993.317,950.232,99.313,100
2436,993.085,950.513,99.178,100
2437,993.156,950.919,99.307,100
2438,993.555,950.974,99.204,100
2439,993.653,950.688,99.222,100
2440,993.765,950.267,99.184,100
2441,993.826,949.852,99.151,100
2442,993.575,949.364,99.161,100
2443,993.993,949.395,99.172,100
2444,994.344,949.62,99.434,100
2445,994.216,949.969,99.421,100
2446,994,949.965,99.186,100
2447,994.256,950.278,99.266,100
2448,994.39,950.318,99.125,100
2449,994.39,950.144,99.4,100
2450,994.522,949.718,99.321,100
2451,994.437,949.296,99.137,100
2452,994.147,950.446,99.236,100
2453,994.087,950.719,99.185,100
2454,994.414,950.857,99.301,100
2455,994.489,950.755,99.176,100
2456,993.627,950.72,99.194,100
2457,994.593,950.902,99.183,100
2458,994.769,950.556,99.125,100
2459,994.987,950.186,99.102,100
2460,995.148,949.635,99.119,100
2461,995.537,949.742,99.087,100
2462,995.414,950.305,99.094,100
2463,995.221,950.537,99.078,100
2464,995.203,950.982,99.108,100
2465,995.056,951.494,99.335,100
2466,994.826,951.339,99.083,100
2467,995.49,951.461,99.293,100
2468,995.685,951.033,99.266,100
2469,995.684,950.648,99.117,100
2470,995.838,950.221,99.186,100
2471,996.267,950.01,99.226,100
2472,996.158,950.464,99.183,100
2473,996.086,950.913,99.176,100
2474,996.029,951.525,99.28,100
2475,996.401,951.57,99.284,100
2476,996.555,951.189,99.205,100
2477,996.581,950.744,99.166,100
2478,996.694,950.095,99.248,100
2479,997.016,950.09,99.226,100
2480,997.442,950.284,99.389,100
2481,997.063,950.795,99.265,100
2482,996.746,951.232,99.393,100
2483,997.029,951.314,99.362,100
2484,997.157,951.784,99.373,100
2485,996.669,951.834,99.334,100
2486,996.653,952.321,99.291,100
2487,997.144,952.263,99.374,100
2488,996.598,952.616,99.244,100
2489,996.988,952.682,99.329,100
2490,996.371,952.907,99.2,100
2491,996.886,953.067,99.287,100
2492,996.571,953.514,99.213,100
2493,996.883,953.599,99.323,100
2494,996.143,953.44,99.175,100
2495,996.177,953.143,99.247,100
2496,996.239,952.74,99.217,100
2497,996.362,952.326,99.295,100
2498,996.033,952.121,99.233,100
2499,995.859,952.509,99.309,100
2500,995.792,952.893,99.188,100
2501,995.776,953.409,99.151,100
2502,995.481,953.561,99.319,100
2503,995.298,953.585,99.202,100
2504,995.092,953.735,99.515,100
2505,994.919,953.479,99.474,100
2506,994.973,953.348,99.382,100
2507,994.842,953.177,99.161,100
2508,994.62,953.59,99.428,100
2509,994.974,953.895,99.439,100
2510,995.294,954.132,99.125,100
2511,994.929,954.075,99.166,100
2512,994.567,953.621,99.14,100
2513,994.651,953.282,99.133,100
2514,994.913,952.978,99.171,100
2515,995.07,952.695,99.15,100
2516,995.076,952.347,99.159,100
2517,995.053,952.004,99.213,100
2518,994.598,951.896,99.145,100
2519,994.519,952.139,99.3,100
2520,994.426,952.587,99.196,100
2521,994.235,953.242,99.169,100
2522,994.111,953.594,99.305,100
2523,994.12,953.88,99.225,100
2524,993.741,953.911,99.206,100
2525,993.759,953.385,99.176,100
2526,993.74,952.872,99.274,100
2527,993.83,952.331,99.201,100
2528,994,952.049,99.257,100
2529,993.969,951.638,99.145,100
2530,993.572,951.612,99.224,100
2531,993.496,952.051,99.176,100
2532,993.437,952.601,99.121,100
2533,993.259,952.878,99.167,100
2534,993.416,953.267,99.29,100
2535,993.321,953.732,99.237,100
2536,993.019,953.715,99.15,100
2537,993.003,953.283,99.165,100
2538,993.048,953.172,99.294,100
2539,993.012,952.62,99.126,100
2540,993.036,952.204,99.235,100
2541,993.027,951.744,99.152,100
2542,992.544,951.611,99.137,100
2543,992.609,951.858,99.358,100
2544,992.537,952.448,99.348,100
2545,992.549,952.899,99.409,100
2546,992.38,953.569,99.267,100
2547,992.446,953.795,99.237,100
2548,992.04,953.679,99.347,100
2549,991.705,953.499,99.335,100
2550,991.782,953.133,99.396,100
2551,991.299,953.125,99.422,100
2552,991.319,952.679,99.469,100
2553,991.481,952.199,99.457,100
2554,991.754,952.727,99.389,100
2555,991.76,952.385,99.316,100
2556,991.898,951.935,99.324,100
